Item,Reference(s),Quantity,Manufacturer,Manufacturer Part Number,Vendor,Vendor Part Number,Description,Package
1,C1,1,TDK Corporation,C2012X5R1V106K085AC,Digi-Key,445-14417-1-ND,CAP CER 10UF 35V X5R,0805 (2012 Metric)
2,C10 C12 C14 C16 C18 C2 C4 C6 C8,9,Vishay Sprague,298D105X0016K2T,Digi-Key,718-1618-1-ND,CAP TANT 1UF 20% 16V,0402
3,C11 C13 C15 C17 C19 C3 C5 C7 C9,9,Murata Electronics,GCM155R71H153JA55D,Digi-Key,490-16428-1-ND,CAP CER 0.015UF 50V X7R 0402,0402
4,D1 D11 D13 D15 D17 D19 D3 D5 D7 D9,10,Diodes Incorporated,BAS116LPH4-7B,Digi-Key,BAS116LPH4-7BDICT-ND,DIODE GEN PURP 85V 215MA 2DFN,0402
5,D10 D12 D14 D16 D18 D20 D4 D6 D8,9,Comchip Technology,CDBQR0230L,Digi-Key,641-1275-1-ND,DIODE SCHOTTKY 30V 200MA,0402
6,D2,1,Nexperia USA Inc.,PMEG045V100EPDZ,Digi-Key,1727-1904-1-ND,DIODE SCHOTTKY 45V 10A,CFP15
7,L1 L10 L2 L3 L4 L5 L6 L7 L8 L9,10,Lite-On Inc.,LTST-C170GKT,Digi-Key,160-1179-1-ND,LED GREEN CLEAR SMD,0805 (2012 Metric)
8,P1,1,CUI Devices,PJ-036AH-SMT-TR,Digi-Key,CP-036AHPJCT-ND,CONN PWR JACK 2X5.5MM SOLDER,
9,R1 R10 R14 R18 R2 R22 R26 R30 R34 R6,10,Panasonic Electronic Components,ERJ-PA2J391X,Digi-Key,P124568CT-ND,RES SMD 390 OHM 5% 1/5W,0402
10,R11 R12 R15 R16 R19 R20 R23 R24 R27 R28 R3 R31 R32 R35 R36 R4 R7 R8,18,Panasonic Electronic Components,ERJ-2RKF1503X,Digi-Key,P150KLCT-ND,RES SMD 150K OHM 1% 1/10W 0402,0402
11,R13 R17 R21 R25 R29 R33 R37 R5 R9,9,Panasonic Electronic Components,ERJ-2RKF2053X,Digi-Key,P205KLCT-ND,RES SMD 205K OHM 1% 1/10W 0402,0402
12,S1 S2 S3 S4 S5 S6 S7 S8 S9 TEENSY1,46,Mill-Max Manufacturing Corp,0305-0-15-15-47-27-10-0,Digi-Key,ED90331-ND,CONN PIN RCPT .025-.037 SOLDER,
13,SW1,1,E-Switch,500ASSP1SM6QE,Digi-Key,EG5810CT-ND,SWITCH SLIDE SPDT 3A 120V,
14,U1 U2 U3 U4 U5 U6 U7 U8 U9,9,Texas Instruments,DRV103U,Digi-Key,296-11622-ND,IC LO-SIDE DRIVER PWM 8SOIC,8SOIC
,FID1 FID2 FID3 FID4 MH1 MH2 MH3,7,,,,,,
